variant,pval,score_abundance
V506A ,0.1413,-0.4078059
R522W,0.0701,-0.1258128
N551T,0.0397,-1.006299
L574P,0.0004,-1.087948
E578G,0,-0.07554346
A586P,0.2265,-0.943804
D601G,0.966,-0.1150048
K618A,0.1822,-0.8114369
L622H,0.0339,-1.096727
P640S,0,-0.9356406
P648L,0.0001,-1.002277
L653R,0,-1.070443
P654L,0.0465,-1.037324
R659L,0.0002,-0.9616296
R659P,0,-1.012973
R659Q,0.0804,-0.6412115
T662P,0.0002,-0.8644441
E663G,0.9228,-0.2976102
L676R,0.0007,-0.9870698
V716M,0.0002,-0.645073
H718Y,0.0664,-0.185199
R725C,0.0424,-0.9522905
R755W,0.602,-0.3340492