variant,int,score_interaction
Q542L,No,-0.1400376
N551T,NA,-1.30445
A586P,NA,-1.253146
D601G,Yes,0.0149659
K618A,Yes,-0.06483853
L622H,NA,-0.8098799
L636P,NA,-0.7073899
P648L,NA,-0.7884011
P654L,NA,-1.12021
R659L,NA,-0.9863023
R659P,NA,-1.30798
R659Q,Yes,0.5080252
T662P,NA,-1.187916
E663G,Yes,-0.1299697
R755S,Yes,0.02521694
R755T,Yes,0.01309017