variant,percentage,SD_percentage,score_abundance,SD_score_abundance
V506A,62.1,29.38848414,-0.4078059,0.02720683
Q542L,110.2,25.6557401,-0.0025732,0.02248123
L549P,63.7,9.751820343,-1.021936,0.05854082
I565F,65.9,19.43134066,-0.9588204,0.05045094
L574P,34.4,20.04095806,-1.087948,0.03050046
E578G,103.2,29.27990779,-0.07554346,0.01777176
L582V,100,12.4415835,0.0359756,0.05147601
L588P,88.6,10.88241701,-1.075515,0.05239697
K618A,80.4,20.05499938,-0.8114369,0.04473091
K618T,106.5,24.75570641,-0.9956564,0.04689447
L622H,61.1,12.68609475,-1.096727,0.05411814
P640T,61.1,7.551357494,-1.157812,0.1108425
L653R,66.1,21.43532132,-1.070443,0.08396049
I655V,89.1,18.57210274,0.1176019,0.04828499
I655T,71.1,15.03229856,0.02969688,0.1335105
R659P,69,30.29235877,-1.012973,0.102564
R659Q,84.9,21.99324896,-0.6412115,0.05244574
T662P,72.7,6.244597665,-0.8644441,0.06445238
E663G,72,4.518074811,-0.2976102,0.06761478
E663D,97.2,6.799411739,-0.05623809,0.0234155
L676R,36.8,25.77415372,-0.9870698,0.1104813
R687W,115.4,23.01797124,-1.052249,0.03911986
Q689R,71,4.628930762,-0.007902244,0.08414503
V716M,100.1,16.85176549,-0.645073,0.08729995
H718Y,73.7,8.941644144,-0.185199,0.04045994
K751R,82.1,21.05583055,0.1647024,0.03499879